Unnamed: 0,index,artist,gender,age,type,country,city_1,district_1,city_2,district_2,city_3,district_3
0,0,Drake,male,33,person,CA,,,Toronto,,,
1,1,Post Malone,male,25,group,US,,,Syracuse,,,
2,2,Ed Sheeran,male,29,group,GB,,,Halifax,,,
3,3,J Balvin,male,35,group,CO,,,Medellín,,,
4,4,Bad Bunny,male,26,group,PR,,,San Juan,,,
5,5,Justin Bieber,male,26,person,CA,,,London,,,
6,6,Ozuna,male,28,person,PR,,,San Juan,,,
8,8,Khalid,male,22,person,US,,,,,,
9,9,Daddy Yankee,male,43,group,PR,,,San Juan,,,
10,10,Travis Scott,male,28,person,US,,,Houston,,,
11,11,The Weeknd,male,30,group,CA,,,Scarborough,,,
12,12,XXXTENTACION,male,20,person,US,,,Plantation,,Deerfield Beach,
15,15,Anuel Aa,male,27,person,PR,,,Carolina,,,
16,16,Nicky Jam,male,40,person,PR,,,Boston,,,
17,17,Maluma,male,26,person,CO,,,Medellín,,,
20,20,Juice WRLD,male,21,person,US,,,Chicago,,Oak Lawn,
24,24,Calvin Harris,male,36,person,GB,,,,,,
26,26,Shawn Mendes,male,21,person,CA,,,Toronto,,,
28,28,Kendrick Lamar,male,33,person,US,,,Compton,,,
30,30,Future,male,36,person,,Atlanta,,Atlanta,,,
31,31,Farruko,male,29,person,PR,,,Bayamón,,,
34,34,Lil Uzi Vert,male,26,group,US,,,,Francisville,,
35,35,Kygo,male,28,person,NO,,,,,,
36,36,Marshmello,male,28,person,US,,,Philadelphia,,,
37,37,Quavo,male,29,person,US,,,Lawrenceville,,,
38,38,21 Savage,male,27,group,US,,,,Plaistow,,
39,39,DJ Snake,male,34,group,FR,,,Paris,,,
40,40,Young Thug,male,28,group,US,,,Atlanta,,,
42,42,Sech,male,26,person,PA,,,,,,
43,43,David Guetta,male,52,person,FR,,,Paris,,,
45,45,Swae Lee,male,0,person,US,,,,,,
46,46,Ty Dolla Sign,male,35,group,US,,,Los Angeles,,,
47,47,Eminem,male,47,person,,Detroit,,St. Joseph,,,
50,50,Bruno Mars,male,34,person,US,,,Honolulu,,,
52,52,Avicii,male,28,person,SE,,,Stockholm,,,
53,53,Sebastian Yatra,male,25,person,CO,,,Medellín,,,
54,54,Manuel Turizo,male,0,person,CO,,,,,,
57,57,Wisin,male,40,person,PR,,,Cayey,,,
59,59,Luis Fonsi,male,42,person,PR,,,,,,
60,60,DaBaby,male,28,person,US,,,Cleveland,,,
61,61,Kanye West,male,43,person,,Chicago,,Atlanta,,,
62,62,Lil Baby,male,25,group,,Atlanta,,Atlanta,,,
64,64,Charlie Puth,male,28,person,US,,,Janesville,,,
65,65,J Cole,male,35,group,US,,,Frankfurt am Main,,,
66,66,Zedd,male,30,person,DE,,,Saratov,,,
67,67,Jason Derulo,male,30,person,US,,,Miami,,,
69,69,Lenny Tavárez,male,33,person,PR,,,,,,
70,70,Martin Garrix,male,24,person,NL,,,,,,
73,73,Offset,male,0,person,,Atlanta,,,,,
76,76,ZAYN,male,27,person,GB,,,Bradford,,,
77,77,Roddy Ricch,male,21,person,US,,,Compton,,,
78,78,Lil Wayne,male,37,group,,Miami Beach,,New Orleans,,,
79,79,Darell,male,0,person,PR,,,,,,
81,81,Lauv,male,25,person,US,,,San Francisco,,,
82,82,Jonas Blue,male,30,person,GB,,,London,,,
83,83,Tyga,male,30,person,US,,,Compton,,,
86,86,Lewis Capaldi,male,23,person,GB,,,Glasgow,,,
87,87,Dalex,male,29,person,PR,,,Philadelphia,,,
91,91,Chris Brown,male,31,person,US,,,Tappahannock,,,
92,92,Kodak Black,male,23,person,US,,,Pompano Beach,,,
93,93,6ix9ine,male,24,person,US,,,Bushwick,,,
94,94,Gucci Mane,male,40,group,,Atlanta,,Birmingham,,,
96,96,Alan Walker,male,22,person,NO,,,Northampton,,,
98,98,Paulo Londra,male,0,person,AR,,,,,,
99,99,G-Eazy,male,31,person,US,,,Oakland,,,
101,101,Robin Schulz,male,33,person,DE,,,Osnabrück,,,
102,102,Lil Nas X,male,21,group,,Atlanta,,,,,
103,103,Chance the Rapper,male,27,person,,Chicago,,Chicago,,,
104,104,Capital Bra,male,25,person,DE,,,,,,
105,105,Justin Quiles,male,30,person,PR,,,Bridgeport,,,
106,106,Logic,male,30,person,US,,,Gaithersburg,,,
107,107,Harry Styles,male,26,person,GB,,,Redditch,,,
110,110,A Boogie Wit da Hoodie,male,24,group,US,,,,The Bronx,,
111,111,Diplo,male,41,person,,Los Angeles,,Tupelo,,,
112,112,James Arthur,male,32,person,GB,,,,,,
114,114,Big Sean,male,32,group,,Detroit,,Santa Monica,,,
115,115,DJ Khaled,male,44,group,US,,,New Orleans,,,
116,116,Fetty Wap,male,30,person,US,,,Paterson,,,
118,118,Gunna,male,27,person,US,,,College Park,,,
119,119,Myke Towers,male,26,person,PR,,,Las Piedras,,,
120,120,French Montana,male,35,group,,,The Bronx,Rabat,,,
121,121,A$AP Rocky,male,31,person,US,,,,Harlem,,
123,123,Arcangel,male,34,person,PR,,,New York,,,
127,127,WizKid,male,30,person,,Lagos,,Lagos,,,
131,131,Yandel,male,43,person,PR,,,,,,
132,132,Rauw Alejandro,male,0,person,PR,,,San Juan,,,
134,134,Pharrell Williams,male,47,group,,,Virginia Beach,,,
136,136,DJ Luian,male,30,group,PR,,,Carolina,,,
138,138,Sean Paul,male,47,person,JM,,,,,,
140,140,Camilo,male,26,person,CO,,,Medellín,,,
148,148,Metro Boomin,male,26,person,US,,,St. Louis,,,
149,149,Enrique Iglesias,male,45,person,ES,,,Madrid,,,
151,151,Ninho,male,24,person,FR,,,Yerres,,,
152,152,Trippie Redd,male,21,person,US,,,Canton,,,
153,153,RAF Camora,male,36,person,AT,,,Vevey,,,
156,156,John Legend,male,41,person,US,,,Springfield,,,
157,157,Pitbull,male,39,person,US,,,Miami,,,
159,159,Lil Pump,male,0,group,,,,,,,
160,160,Bazzi,male,22,person,US,,,Dearborn,,,
161,161,Felix Jaehn,male,25,person,DE,,,Hamburg,,,
178,178,Tyler The Creator,male,33,person,US,,,Hawthorne,,,
179,179,Diddy,male,55,person,US,,,New York City,,,
180,180,Sean Combs,male,55,person,US,,,New York City,,,
182,182,Jacob Collier,male,30,person,UK,,,,,,
183,183,Andre 3000,male,49,person,US,,,,,,
184,184,Shaboozey,male,29,person,US,,,,,,
185,185,Benson Boone,male,22,person,US,,,,,,
186,186,Teddy Swims,male,32,person,US,,,,,,
187,187,Troye Sivan,male,29,person,AU,,,,,,
188,188,Childish Gambino,male,41,group,US,,,,,,
190,190,Usher,mae,46,person,US,,,,,,
191,191,Morgan Wallen,male,31,person,US,,,,,,
7,7,Ariana Grande,female,27,person,US,,,Boca Raton,,,
13,13,Billie Eilish,female,18,person,US,,,Los Angeles,,,
18,18,Camila Cabello,female,23,person,US,,,Cojímar,,,
19,19,Dua Lipa,female,24,person,GB,,,London,,,
21,21,Selena Gomez,female,28,person,US,,,Grand Prairie,,,
22,22,Halsey,female,25,person,US,,,Washington,,,
23,23,Cardi B,female,27,person,US,,,,The Bronx,,
25,25,Nicki Minaj,female,37,person,,,Queens,Port of Spain,,,
33,33,Rihanna,female,32,person,,New York,,,,,
41,41,Sia,female,44,person,AU,,,Adelaide,,,
44,44,Bebe Rexha,female,30,person,US,,,New York,,,
55,55,Taylor Swift,female,30,person,US,,,Reading,,,
56,56,Karol G,female,29,person,CO,,,Medellín,,,
63,63,Zara Larsson,female,22,person,SE,,,,,,
72,72,Demi Lovato,female,27,person,US,,,Albuquerque,,,
74,74,Anitta,female,27,person,BR,,,Rio de Janeiro,,,
75,75,Lady Gaga,female,34,person,US,,,,Manhattan,,
80,80,Marília Mendonça,female,25,person,BR,,,,,,
84,84,Ellie Goulding,female,33,person,,,,Lyonshall,,,
88,88,MØ,female,31,person,DK,,,Odense,,,
89,89,Alessia Cara,female,24,person,CA,,,Brampton,,,
95,95,Becky G,female,23,person,US,,,Inglewood,,,
97,97,Natti Natasha,female,33,person,DO,,,Santiago de los Caballeros,,,
100,100,Katy Perry,female,35,person,US,,,Santa Barbara,,,
109,109,Tones and I,female,0,group,AU,,,,,,
113,113,Rita Ora,female,29,person,GB,,,,,,
122,122,SZA,female,29,person,US,,,St. Louis,,,
126,126,Shakira,female,43,person,CO,,,Barranquilla,,,
128,128,Hailee Steinfeld,female,23,person,US,,,Los Angeles,,,
135,135,Ava Max,female,26,person,US,,,Milwaukee,,,
137,137,Jess Glynne,female,30,person,GB,,,,Muswell Hill,,
139,139,Kyla,female,39,person,PH,,,Manila,,,
141,141,Julia Michaels,female,26,person,US,,,Davenport,,,
143,143,Adele,female,32,person,GB,,,Tottenham,,,
162,162,Beyonce,female,38,person,US,,,Houston,,,
163,163,Daya,female,21,person,US,,,Pittsburgh,,,
164,164,Normani,female,24,person,US,,,Atlanta,,,
169,169,Meghan Trainor,female,26,person,US,,,,,,
189,189,Tove Lo,female,32,person,SE,,,Stockholm,,,
192,192,ROSALIA,female,26,person,ES,,,,,,
206,206,Doja Cat,female,24,person,US,,,Los Angeles,,,
209,209,Lizzo,female,32,person,US,,,Detroit,,,
227,227,Maren Morris,female,30,person,US,,,Arlington,,,
241,241,Lorde,female,23,person,NZ,,,,,,
246,246,Iggy Azalea,female,30,person,US,,,Sydney,,,
249,249,Mabel,female,24,person,,London,,Málaga,,,
268,268,Kehlani,female,25,person,US,,,Oakland,,,
273,273,Charli XCX,female,27,person,GB,,,Cambridge,,,
303,303,Mariah Carey,female,50,person,US,,,,,,
307,307,RAYE,female,22,person,GB,,,,Tooting,,
311,311,Nyla,female,36,person,,,,,,,
312,312,Becky Hill,female,26,person,GB,,,Bewdley,,,
315,315,Pink,female,40,person,US,,,Doylestown,,,
327,327,Jessie Reyez,female,29,person,CA,,,Toronto,,,
337,337,Kesha,female,33,person,US,,,Los Angeles,,,
358,358,Megan Thee Stallion,female,25,person,,Houston,,Houston,,,
364,364,Ludmilla,female,25,person,BR,,,Rio de Janeiro,,,
366,366,Noah Cyrus,female,20,person,US,,,Nashville,,,
371,371,beabadoobee,female,20,person,,London,,,,,
374,374,Starley,female,0,person,AU,,,,,,
382,382,Loredana,female,50,person,RO,,,,,,
383,383,Aya Nakamura,female,25,person,FR,,,Bamako,,,
384,384,Kiiara,female,25,person,US,,,Wilmington,,,
385,385,Sofia Reyes,female,24,person,MX,,,Monterrey,,,
389,389,Olivia O'Brien,female,20,person,,Napa,,Thousand Oaks,,,
392,392,ROZES,female,27,person,US,,,Montgomeryville,,,
393,393,Skylar Grey,female,34,person,US,,,,,,
397,397,Lana Del Rey,female,35,person,US,,,New York,,,
400,400,Moira Dela Torre,female,26,person,PH,,,,,,
418,418,Zendaya,female,23,person,US,,,Oakland,,,
432,432,Jessie J,female,32,person,GB,,,London,,,
445,445,Keala Settle,female,44,person,US,,,Laie,,,
448,448,Pabllo Vittar,female,25,person,BR,,,,,,
452,452,Jennifer Lopez,female,51,person,US,,,,The Bronx,,
454,454,Whitney Houston,female,48,person,US,,,Newark,,Beverly Hills,
469,469,Stefflon Don,female,28,person,,,,Birmingham,,,
470,470,SHY Martin,female,26,group,SE,,,,,,
472,472,Emily Warren,female,27,person,US,,,New York,,,
473,473,Aitana,female,21,person,ES,,,,,,
477,477,Maty Noyes,female,0,person,US,,,,,,
481,481,Astrid S,female,23,person,NO,,,,,,
503,503,Maggie Lindemann,female,22,person,US,,,Dallas,,,
509,509,BENEE,female,20,person,NZ,,,Auckland,,,
511,511,Jasmine Thompson,female,19,person,GB,,,London,,,
528,528,Juju,female,44,person,JP,,,Shōbara,,,
535,535,Lennon Stella,female,20,person,CA,,,Oshawa,,,
551,551,Sabrina Carpenter,female,21,person,US,,,,,,
553,553,Ina Wroldsen,female,36,person,,London,,,,,
556,556,Thalía,female,48,person,MX,,,Ciudad de México,,,
561,561,Jhene Aiko,female,32,person,US,,,Los Angeles,,,
570,570,Kai,female,30,person,CA,,,Toronto,,,
581,581,Lexa,female,25,person,BR,,,Rio de Janeiro,,,
582,582,Phoebe Ryan,female,29,person,,Los Angeles,,,,,
584,584,TINI,female,23,person,AR,,,Buenos Aires,,,
597,597,Angèle,female,24,person,BE,,,,,,
598,598,Luísa Sonza,female,22,person,BR,,,,,,
606,606,Tinashe,female,27,person,,Los Angeles,,Lexington,,,
622,622,Kelsea Ballerini,female,26,person,US,,,Mascot,,,
623,623,Greeicy,female,27,person,CO,,,Cali,,,
627,627,Ella Henderson,female,24,person,GB,,,,,,
630,630,Chappell Roan,female,26,person,US,,,,,,
631,631,Doechii,female,26,person,US,,,,,,
632,632,Raye,female,27,person,UK,,,,,,
633,633,Gracie Abrams,female,25,person,US,,,,,,
634,634,Madison Beer,female,25,person,US,,,,,,
635,635,Coco Jones,female,26,person,US,,,,,,
636,636,Cardi B,female,32,person,US,,,,,,
14,14,The Chainsmokers,male,8,group,US,,,New York,,,
27,27,Imagine Dragons,male,12,group,US,,,Las Vegas,,,
32,32,Maroon 5,male,18,group,US,,,Los Angeles,,,
48,48,Major Lazer,male,12,group,,,,Los Angeles,,,
49,49,Coldplay,male,23,group,GB,,,London,,,
51,51,Migos,male,12,group,,Atlanta,,Lawrenceville,,,
71,71,Zion & Lennox,male,17,group,PR,,,,,,
85,85,Queen,male,50,group,GB,,,London,,,
90,90,Twenty One Pilots,male,11,group,US,,,Columbus,,,
108,108,Piso 21,male,0,group,CO,,,,,,
117,117,Daft Punk,male,27,group,FR,,,Paris,,,
124,124,5 Seconds of Summer,male,9,group,AU,,,Sydney,,,
125,125,Bastille,male,10,group,GB,,,London,,,
129,129,Jorge & Mateus,male,15,group,BR,,,,,,
145,145,Florida Georgia Line,male,10,group,US,,,Nashville,,,
147,147,OneRepublic,male,16,group,US,,,,,,
154,154,Jonas Brothers,male,15,group,US,,,,,,
155,155,Mambo Kingz,female,0,group,PR,,,,,,
158,158,Fifth Harmony,male,7,group,US,,,Miami,,Hollywood,
166,166,Henrique & Juliano,male,12,group,BR,,,,,,
173,173,Rae Sremmurd,male,7,group,US,,,Tupelo,,,
177,177,Panic At The Disco,male,16,group,US,,,Las Vegas,,,
181,181,Lukas Graham,male,9,group,DK,,,Copenhagen,,,
197,197,One Direction,male,10,group,GB,,,London,,,
202,202,Little Mix,female,8,group,GB,,,London,,,
203,203,The Beatles,male,6,group,UK,,,London,,,

